[
    {
      "centerX": 200,
      "centerY": 200,
      "radius": 90,
      "colorString": "cyan"
    },
    {
      "centerX": -380,
      "centerY": -10,
      "radius": 110,
      "colorString": "green"
    },
    {
      "centerX": 900,
      "centerY": 600,
      "radius": 140,
      "colorString": "blue"
    },
    {
      "centerX": 1200,
      "centerY": 280,
      "radius": 50,
      "colorString": "brown"
    },
    {
      "centerX": 1430,
      "centerY": 800,
      "radius": 68,
      "colorString": "lime"
    },
    {
      "centerX": -480,
      "centerY": 550,
      "radius": 82,
      "colorString": "purple"
    },
    {
      "centerX": 790,
      "centerY": -365,
      "radius": 100,
      "colorString": "orange"
    },
    {
      "centerX": 320,
      "centerY": 1200,
      "radius": 105,
      "colorString": "#3EB489"
    },
    {
        "centerX": -370,
        "centerY": 938,
        "radius": 92,
        "colorString": "#6aa84f"
      },
      {
        "centerX": 1643,
        "centerY": -219,
        "radius": 105,
        "colorString": "#F4B942"
    },
      {
        "centerX": 1036,
        "centerY": 1250,
        "radius": 68,
        "colorString": "#FF674D"
      },
      {
        "centerX": 66,
        "centerY": -626,
        "radius": 82,
        "colorString": "#CDC7E5"
      },
      {
        "centerX": -1120,
        "centerY": 350,
        "radius": 53,
        "colorString": "#17BEBB"
      },
      {
        "centerX": -990,
        "centerY": 1266,
        "radius": 35,
        "colorString": "#D8A47F"
      },
      {
        "centerX": 1913,
        "centerY": 376,
        "radius": 130,
        "colorString": "#97CC04"
      },
      {
        "centerX": -1006,
        "centerY": -603,
        "radius": 145,
        "colorString": "#FF86C8"
      },
      {
        "centerX": 2130,
        "centerY": 1193,
        "radius": 166,
        "colorString": "magenta"
      },
      {
        "centerX": 2120,
        "centerY": -559,
        "radius": 44,
        "colorString": "#0D3B66"
      }
  ]
